{"cameraMode":{"drawMode":0,"name":"Shaded","section":"Shading Mode"},"sceneLighting":true,"audioPlay":false,"sceneViewState":{"m_AlwaysRefresh":false,"showFog":true,"showSkybox":true,"showFlares":true,"showImageEffects":true,"showParticleSystems":true,"showVisualEffectGraphs":true,"m_FxEnabled":true},"in2DMode":false,"pivot":{"x":4.683441162109375,"y":-10.463286399841309,"z":1.252582311630249},"rotation":{"x":0.3574041724205017,"y":-0.0608229860663414,"z":0.024131547659635545,"w":0.9317911267280579},"size":11.632843971252442,"orthographic":false}